# restaurant
INSERT IGNORE INTO `restaurant` (`id`, `name`, `description`, `tag`) VALUES
    (1, "傳統豆花店", NULL, NULL),
    (2, "燒臘便當店", NULL, NULL);

INSERT IGNORE INTO `meal` (`id`, `name`, `description`, `price`, `restaurant_id`) VALUES
    (1, "原味豆花", "簡單清爽的豆花口味，以豆漿製成。", 50, 1),
    (2, "紅豆豆花", "加入了甜軟煮熟的紅豆，增添了甜味和口感。", 55, 1),
    (3, "花生豆花", "混入了研磨成花生醬的花生，帶來香濃的花生風味。", 60, 1),
    (4, "黑糖豆花", "加入了黑糖糖漿，給豆花帶來了濃郁的甜味和深厚的色澤。", 65, 1),
    (5, "珍珠豆花", "類似於珍珠奶茶中的珍珠，但是加在豆花上，增添了咬勁和口感。", 70, 1),
    (6, "叉燒便當", "以豬肉為主，用特製的醬汁調味，烤得香脆多汁。", 60, 2),
    (7, "燒肉便當", "以豬肉為主，經過特殊的調味和烹飪方式，肉質鮮嫩多汁。", 65, 2),
    (8, "燒鴨便當", "傳統的烤鴨肉，燒烤至外酥內嫩，風味獨特。", 70, 2),
    (9, "雞腿便當", "嫩滑多汁的雞腿肉，經過燒烤或烤箱烤製，風味鮮美。", 75, 2),
    (10, "燒鵝便當", "特色的烤鵝肉，肉質鮮嫩，滋味濃郁。", 80, 2),
    (11, "燒魚便當", "用特殊的調味烤製魚肉，燒得香嫩可口。", 70, 2),
    (12, "燒豬腳便當", "以豬腳為主，經過長時間燉煮後再燒製，肉質軟嫩入味。", 65, 2),
    (13, "燒鴨腿便當", "以鴨腿為主，烤製至外酥內嫩，肉質鮮美。", 70, 2),
    (14, "燒魚頭便當", "以魚頭為主，經過特殊的調味和烹飪方式，肉質鮮嫩可口。", 75, 2),
    (15, "燒雞翅便當", "嫩滑多汁的雞翅肉，烤製至外酥內嫩，美味可口。", 80, 2);

INSERT IGNORE INTO `user` (`username`, `password`, `is_admin`) VALUES
    ("nol", "scrypt:32768:8:1$2bcbReLqu0svD04J$49f592587e45af385dac161fa86cb903efa3b214637145dff5f7a9e3b010abce8c28484378ddd94bf180ac3f74c959167e67e1eea3f52188e7ac7f9e522801f4", 1);

INSERT IGNORE INTO `order` (`id`, `timestamp`, `user_id`, `total_price`) VALUES
    (1, "2024-05-24 23:31:03", 1, 180),
    (2, "2024-05-24 23:33:15", 1, 210+65*7);

INSERT IGNORE INTO `order_item` (`id`, `meal_id`, `count`, `price`, `order_id`) VALUES
    (1, 1, 2, 100, 1),
    (2, 10, 1, 80, 1),
    (3, 13, 3, 210, 2),
    (4, 7, 7, 65*7, 2);
